{
	"IcoMoonType": "selection",
	"icons": [
		{
			"icon": {
				"paths": [
					"M810 274l-238 238 238 238-60 60-238-238-238 238-60-60 238-238-238-238 60-60 238 238 238-238z"
				],
				"attrs": [
					{}
				],
				"isMulticolor": false,
				"tags": [
					"close"
				],
				"grid": 24
			},
			"attrs": [
				{}
			],
			"properties": {
				"order": 1,
				"id": 0,
				"prevSize": 24,
				"code": 58887,
				"name": "close2"
			},
			"setIdx": 0,
			"setId": 5,
			"iconIdx": 0
		},
		{
			"icon": {
				"paths": [
					"M170.667 128h682.667q53 0 90.5 37.5t37.5 90.5v512q0 53-37.5 90.5t-90.5 37.5h-682.667q-53 0-90.5-37.5t-37.5-90.5v-512q0-53 37.5-90.5t90.5-37.5zM896 768v-466l-357.333 286q-11.333 9.333-26.667 9.333t-26.667-9.333l-357.333-286v466q0 17.667 12.5 30.167t30.167 12.5h682.667q17.667 0 30.167-12.5t12.5-30.167zM853.333 213.333h-682.667q-6.333 0-14 2.333l355.333 284.333 355.333-284.333q-7.667-2.333-14-2.333z"
				],
				"attrs": [
					{}
				],
				"isMulticolor": false,
				"tags": [
					"mail"
				],
				"grid": 24
			},
			"attrs": [
				{}
			],
			"properties": {
				"order": 1,
				"id": 0,
				"prevSize": 24,
				"code": 58885,
				"name": "mail"
			},
			"setIdx": 2,
			"setId": 3,
			"iconIdx": 0
		},
		{
			"icon": {
				"paths": [
					"M554.667 426.667h128v128h-128v298.667h-128v-298.667h-128v-128h128v-53.547c0-50.731 15.957-114.816 47.701-149.845 31.744-35.115 71.381-52.608 118.869-52.608h89.429v128h-89.6c-21.248 0-38.4 17.152-38.4 38.357v89.643z"
				],
				"attrs": [
					{}
				],
				"isMulticolor": false,
				"tags": [
					"social-facebook"
				],
				"grid": 24
			},
			"attrs": [
				{}
			],
			"properties": {
				"order": 1,
				"id": 0,
				"prevSize": 24,
				"code": 58882,
				"name": "social-facebook"
			},
			"setIdx": 3,
			"setId": 2,
			"iconIdx": 0
		},
		{
			"icon": {
				"paths": [
					"M741.714 755.429q0 22.857-16 38.857l-77.714 77.714q-16 16-38.857 16t-38.857-16l-168-168-168 168q-16 16-38.857 16t-38.857-16l-77.714-77.714q-16-16-16-38.857t16-38.857l168-168-168-168q-16-16-16-38.857t16-38.857l77.714-77.714q16-16 38.857-16t38.857 16l168 168 168-168q16-16 38.857-16t38.857 16l77.714 77.714q16 16 16 38.857t-16 38.857l-168 168 168 168q16 16 16 38.857z"
				],
				"attrs": [
					{}
				],
				"isMulticolor": false,
				"width": 805,
				"tags": [
					"close",
					"remove",
					"times"
				],
				"grid": 14
			},
			"attrs": [
				{}
			],
			"properties": {
				"order": 1,
				"id": 0,
				"prevSize": 28,
				"code": 58886,
				"name": "close"
			},
			"setIdx": 1,
			"setId": 4,
			"iconIdx": 0
		},
		{
			"icon": {
				"paths": [
					"M678.4 512l-365.619-379.904c-13.722-13.824-13.722-36.198 0-50.125 13.722-13.824 35.891-13.824 49.613 0l400.896 404.89c13.722 13.875 13.722 36.301 0 50.125l-400.896 404.89c-13.722 13.875-35.891 13.824-49.613 0-13.722-13.773-13.722-36.198 0-50.125l365.619-379.75z"
				],
				"attrs": [
					{}
				],
				"isMulticolor": false,
				"tags": [
					"chevron-thin-right"
				],
				"grid": 20
			},
			"attrs": [
				{}
			],
			"properties": {
				"order": 1,
				"id": 3,
				"prevSize": 20,
				"code": 58889,
				"name": "chevron-thin-right"
			},
			"setIdx": 4,
			"setId": 1,
			"iconIdx": 0
		},
		{
			"icon": {
				"paths": [
					"M711.219 891.802c13.722 13.926 13.722 36.301 0 50.125s-35.891 13.875-49.613 0l-400.896-404.89c-13.722-13.824-13.722-36.198 0-50.125l400.896-404.89c13.722-13.824 35.891-13.824 49.613 0 13.722 13.875 13.722 36.301 0 50.125l-365.619 379.853 365.619 379.802z"
				],
				"attrs": [
					{}
				],
				"isMulticolor": false,
				"tags": [
					"chevron-thin-left"
				],
				"grid": 20
			},
			"attrs": [
				{}
			],
			"properties": {
				"order": 1,
				"id": 2,
				"prevSize": 20,
				"code": 58888,
				"name": "chevron-thin-left"
			},
			"setIdx": 4,
			"setId": 1,
			"iconIdx": 1
		},
		{
			"icon": {
				"paths": [
					"M870.4 51.2h-716.8c-56.32 0-102.4 46.080-102.4 102.4v716.8c0 56.371 46.080 102.4 102.4 102.4h716.8c56.32 0 102.4-46.029 102.4-102.4v-716.8c0-56.32-46.080-102.4-102.4-102.4zM511.181 794.778c156.621 0 283.546-127.027 283.546-283.597 0-17.306-2.202-33.997-5.274-50.381h80.947v369.459c0 19.558-15.872 35.328-35.482 35.328h-645.837c-19.61 0-35.482-15.77-35.482-35.328v-369.459h79.309c-3.123 16.384-5.325 33.075-5.325 50.381 0 156.621 127.027 283.597 283.597 283.597zM333.978 511.181c0-97.894 79.36-177.203 177.254-177.203 97.843 0 177.254 79.309 177.254 177.203s-79.411 177.254-177.254 177.254c-97.946 0-177.254-79.36-177.254-177.254zM834.918 307.2h-82.688c-19.558 0-35.43-15.974-35.43-35.43v-82.79c0-19.558 15.872-35.379 35.379-35.379h82.688c19.661 0 35.533 15.821 35.533 35.379v82.739c0 19.507-15.872 35.482-35.482 35.482z"
				],
				"attrs": [
					{}
				],
				"isMulticolor": false,
				"tags": [
					"instagram"
				],
				"grid": 20
			},
			"attrs": [
				{}
			],
			"properties": {
				"order": 1,
				"id": 1,
				"prevSize": 20,
				"code": 58883,
				"name": "instagram"
			},
			"setIdx": 4,
			"setId": 1,
			"iconIdx": 2
		},
		{
			"icon": {
				"paths": [
					"M839.68 460.8h-655.36c-28.262 0-30.72 22.886-30.72 51.2s2.458 51.2 30.72 51.2h655.36c28.262 0 30.72-22.886 30.72-51.2s-2.458-51.2-30.72-51.2zM839.68 665.6h-655.36c-28.262 0-30.72 22.886-30.72 51.2s2.458 51.2 30.72 51.2h655.36c28.262 0 30.72-22.886 30.72-51.2s-2.458-51.2-30.72-51.2zM184.32 358.4h655.36c28.262 0 30.72-22.886 30.72-51.2s-2.458-51.2-30.72-51.2h-655.36c-28.262 0-30.72 22.886-30.72 51.2s2.458 51.2 30.72 51.2z"
				],
				"attrs": [
					{}
				],
				"isMulticolor": false,
				"tags": [
					"menu"
				],
				"grid": 20
			},
			"attrs": [
				{}
			],
			"properties": {
				"order": 1,
				"id": 0,
				"prevSize": 20,
				"code": 58884,
				"name": "menu"
			},
			"setIdx": 4,
			"setId": 1,
			"iconIdx": 3
		},
		{
			"icon": {
				"paths": [
					"M383.75 256l-383.75 383.75h767.5l-383.75-383.75z"
				],
				"attrs": [
					{}
				],
				"isMulticolor": false,
				"width": 767,
				"tags": [
					"triangle-up"
				],
				"grid": 16
			},
			"attrs": [
				{}
			],
			"properties": {
				"order": 1,
				"id": 1,
				"prevSize": 32,
				"code": 58881,
				"name": "triangle-up"
			},
			"setIdx": 5,
			"setId": 0,
			"iconIdx": 0
		},
		{
			"icon": {
				"paths": [
					"M0 384l383.75 383.75 383.75-383.75h-767.5z"
				],
				"attrs": [
					{}
				],
				"isMulticolor": false,
				"width": 767,
				"tags": [
					"triangle-down"
				],
				"grid": 16
			},
			"attrs": [
				{}
			],
			"properties": {
				"order": 1,
				"id": 0,
				"prevSize": 32,
				"code": 58880,
				"name": "triangle-down"
			},
			"setIdx": 5,
			"setId": 0,
			"iconIdx": 1
		}
	],
	"height": 1024,
	"metadata": {
		"name": "icomoon"
	},
	"preferences": {
		"showGlyphs": true,
		"showQuickUse": true,
		"showQuickUse2": true,
		"showSVGs": true,
		"fontPref": {
			"prefix": "icon-",
			"metadata": {
				"fontFamily": "icomoon"
			},
			"metrics": {
				"emSize": 1024,
				"baseline": 6.25,
				"whitespace": 50
			},
			"resetPoint": 58880
		},
		"imagePref": {
			"prefix": "icon-",
			"png": true,
			"useClassSelector": true,
			"color": 4473924,
			"bgColor": 16777215
		},
		"historySize": 100
	}
}